url,sessionid,from_ip,date_created,user,platform_id,combi,req,starts,25,ratio
http://www.nfb.ca/film/big_snit,a18d9758bc87beaaa90554755151cfa8,176.240.207.88,"2012-11-27 17:18:08",anonymous,3,http://www.nfb.ca/film/big_snit_176.240.207.88_a18d9758bc87beaaa90554755151cfa8,32,16,0,0.0000
http://www.nfb.ca/film/carts_of_darkness/,401b2c935f5e96fbdf33993c3810554a,75.157.24.141,"2012-11-29 00:21:22",AnonymousUser,2,http://www.nfb.ca/film/carts_of_darkness/_75.157.24.141_401b2c935f5e96fbdf33993c3810554a,18,16,0,0.0000
http://www.nfb.ca/film/challenger_an_industrial_romance/,05e7f0e32d9167959e9bbcf1fd6c950e,216.113.24.1,"2012-11-27 09:29:45",AnonymousUser,21,http://www.nfb.ca/film/challenger_an_industrial_romance/_216.113.24.1_05e7f0e32d9167959e9bbcf1fd6c950e,17,16,0,0.0000
http://www.nfb.ca/film/cree_hunters/,c7911bb218636931eb9b867c2188597d,79.127.216.196,"2012-11-28 21:32:34",AnonymousUser,2,http://www.nfb.ca/film/cree_hunters/_79.127.216.196_c7911bb218636931eb9b867c2188597d,18,16,0,0.0000
http://www.nfb.ca/film/enfer_et_contre_tous/,055bf13eee519defe0fa8b7c8bef26fb,199.84.62.189,"2012-11-23 22:06:02",AnonymousUser,2,http://www.nfb.ca/film/enfer_et_contre_tous/_199.84.62.189_055bf13eee519defe0fa8b7c8bef26fb,18,16,0,0.0000
http://www.nfb.ca/film/every_saturday_night,4e2b7ed264e46453ebc5828f6fa5455c,68.32.205.166,"2012-11-27 11:07:16",anonymous,3,http://www.nfb.ca/film/every_saturday_night_68.32.205.166_4e2b7ed264e46453ebc5828f6fa5455c,27,16,0,0.0000
http://www.nfb.ca/film/forgotten_warriors/,ecc9e617c87636f223c2e2b1344107bc,142.25.208.23,"2012-11-24 02:10:15",AnonymousUser,2,http://www.nfb.ca/film/forgotten_warriors/_142.25.208.23_ecc9e617c87636f223c2e2b1344107bc,16,16,0,0.0000
http://www.nfb.ca/film/how_to_build_an_igloo/,eaef8455cb5891f4ef3ac40b0cb7bf13,83.26.156.254,"2012-11-28 07:57:07",AnonymousUser,2,http://www.nfb.ca/film/how_to_build_an_igloo/_83.26.156.254_eaef8455cb5891f4ef3ac40b0cb7bf13,17,16,0,0.0000
http://www.nfb.ca/film/overdose_en,bd2fca0cc3f796d10b37796cabadf61b,24.46.91.177,"2012-11-24 10:09:57",anonymous,4,http://www.nfb.ca/film/overdose_en_24.46.91.177_bd2fca0cc3f796d10b37796cabadf61b,27,16,0,0.0000
http://www.nfb.ca/film/project_grizzly/,2ce59ec024d2ab85ea4002989798dd68,130.76.32.214,"2012-11-26 21:24:47",AnonymousUser,2,http://www.nfb.ca/film/project_grizzly/_130.76.32.214_2ce59ec024d2ab85ea4002989798dd68,17,16,0,0.0000
http://www.onf.ca/film/lhomme_trop_presse_prend_son_the_a_la_fourchette/,5cf6e96c229ba2009281bda7c089f1f7,96.20.199.203,"2012-11-24 17:51:17",AnonymousUser,11,http://www.onf.ca/film/lhomme_trop_presse_prend_son_the_a_la_fourchette/_96.20.199.203_5cf6e96c229ba2009281bda7c089f1f7,16,16,0,0.0000
http://www.onf.ca/film/mon_amie_pierrette/,83fe69970483e44150587033ccf09136,206.167.80.240,"2012-11-23 06:36:19",AnonymousUser,11,http://www.onf.ca/film/mon_amie_pierrette/_206.167.80.240_83fe69970483e44150587033ccf09136,16,16,0,0.0000
http://www.onf.ca/film/oumar_9-1-1/,a035a26931aa3f6eb789b7be32bb38ce,74.14.249.32,"2012-11-25 15:59:32",AnonymousUser,11,http://www.onf.ca/film/oumar_9-1-1/_74.14.249.32_a035a26931aa3f6eb789b7be32bb38ce,16,16,0,0.0000
http://www.onf.ca/film/peuple_invisible/trailer/peuple-invisible-bande-annonce,a7a8436b6829337cf200f1d43be5720d,70.83.126.100,"2012-11-28 21:46:14",AnonymousUser,11,http://www.onf.ca/film/peuple_invisible/trailer/peuple-invisible-bande-annonce_70.83.126.100_a7a8436b6829337cf200f1d43be5720d,16,16,0,0.0000
http://www.onf.ca/film/rat_de_maison_rat_des_champs,b2d2a8840d779d4403657662db5d5877,184.151.127.244,"2012-11-25 16:21:55",anonymous,3,http://www.onf.ca/film/rat_de_maison_rat_des_champs_184.151.127.244_b2d2a8840d779d4403657662db5d5877,33,16,0,0.0000
http://www.nfb.ca/film/30_minutes_mister_plummer_fr/,6f2b8d793d2c85eace35a4e280eae5ba,18.28.0.227,"2012-11-27 08:04:29",AnonymousUser,2,http://www.nfb.ca/film/30_minutes_mister_plummer_fr/_18.28.0.227_6f2b8d793d2c85eace35a4e280eae5ba,18,17,0,0.0000
http://www.nfb.ca/film/at_winter_sea_ice_camp_pt_1/,cd08f4de814c520329a1f26c543fcbd3,154.20.4.182,"2012-11-23 00:39:59",AnonymousUser,2,http://www.nfb.ca/film/at_winter_sea_ice_camp_pt_1/_154.20.4.182_cd08f4de814c520329a1f26c543fcbd3,18,17,0,0.0000
http://www.nfb.ca/film/challenger_an_industrial_romance/,6bb4b362ffeb8307a80604ef1796ef34,216.113.24.1,"2012-11-26 09:54:49",AnonymousUser,21,http://www.nfb.ca/film/challenger_an_industrial_romance/_216.113.24.1_6bb4b362ffeb8307a80604ef1796ef34,19,17,0,0.0000
http://www.nfb.ca/film/king_of_blades/,28cf495edc3312089240685c5cdb9faa,76.66.126.21,"2012-11-25 00:04:38",AnonymousUser,2,http://www.nfb.ca/film/king_of_blades/_76.66.126.21_28cf495edc3312089240685c5cdb9faa,18,17,0,0.0000
http://www.nfb.ca/film/science_please_part_2,e9fac163cd2b78ab20b643062c0e30bf,108.162.167.136,"2012-11-25 18:20:01",anonymous,4,http://www.nfb.ca/film/science_please_part_2_108.162.167.136_e9fac163cd2b78ab20b643062c0e30bf,228,17,0,0.0000
http://www.nfb.ca/film/tulku/trailer/tulku_trailer,f4cc4c5fe9b12fbb4eb1962a391115f6,24.70.75.185,"2012-11-26 23:08:18",AnonymousUser,2,http://www.nfb.ca/film/tulku/trailer/tulku_trailer_24.70.75.185_f4cc4c5fe9b12fbb4eb1962a391115f6,17,17,0,0.0000
http://www.onf.ca/film/evenements_doctobre_1970/,a4dc2712b8c3c7c3806bf5664c3333ac,205.237.72.12,"2012-11-27 08:07:34",AnonymousUser,11,http://www.onf.ca/film/evenements_doctobre_1970/_205.237.72.12_a4dc2712b8c3c7c3806bf5664c3333ac,18,17,0,0.0000
http://www.onf.ca/film/memoire_en_fete/,b161d3875ad7d10e2c623ca12e5358f8,174.89.251.68,"2012-11-24 14:33:00",AnonymousUser,11,http://www.onf.ca/film/memoire_en_fete/_174.89.251.68_b161d3875ad7d10e2c623ca12e5358f8,18,17,0,0.0000
http://www.onf.ca/film/nico_la_taupe,8b0616dc18802f8c86e41e20cfa09852,83.205.10.240,"2012-11-24 05:18:33",anonymous,4,http://www.onf.ca/film/nico_la_taupe_83.205.10.240_8b0616dc18802f8c86e41e20cfa09852,20,17,0,0.0000
http://www.nfb.ca/film/challenger_an_industrial_romance/,35397c06baff6f91c95e24099868922e,216.113.24.1,"2012-11-23 14:59:38",AnonymousUser,21,http://www.nfb.ca/film/challenger_an_industrial_romance/_216.113.24.1_35397c06baff6f91c95e24099868922e,19,18,0,0.0000
http://www.nfb.ca/film/challenger_an_industrial_romance/,6d69d405622c17c8092273799be805b3,70.81.129.135,"2012-11-26 20:40:15",AnonymousUser,21,http://www.nfb.ca/film/challenger_an_industrial_romance/_70.81.129.135_6d69d405622c17c8092273799be805b3,18,18,0,0.0000
http://www.nfb.ca/film/oskee_wee_wee,4e2b7ed264e46453ebc5828f6fa5455c,68.32.205.166,"2012-11-24 12:05:14",anonymous,3,http://www.nfb.ca/film/oskee_wee_wee_68.32.205.166_4e2b7ed264e46453ebc5828f6fa5455c,36,18,0,0.0000
http://www.nfb.ca/film/sexy_inc/,2e204dcbda22523e31cadfc396be29b3,41.129.235.63,"2012-11-27 18:13:02",AnonymousUser,2,http://www.nfb.ca/film/sexy_inc/_41.129.235.63_2e204dcbda22523e31cadfc396be29b3,18,18,0,0.0000
http://www.nfb.ca/film/whos_counting/,9e458bb61282cb46db53157ffcc6ce27,99.238.155.16,"2012-11-25 16:38:35",AnonymousUser,2,http://www.nfb.ca/film/whos_counting/_99.238.155.16_9e458bb61282cb46db53157ffcc6ce27,18,18,0,0.0000
http://www.onf.ca/film/deux_episodes_dans_la_vie_d_hubert_aquin/,cfbe0462c7a18c33b1f777d5d9a1afd4,96.20.85.26,"2012-11-25 07:12:22",AnonymousUser,11,http://www.onf.ca/film/deux_episodes_dans_la_vie_d_hubert_aquin/_96.20.85.26_cfbe0462c7a18c33b1f777d5d9a1afd4,19,18,0,0.0000
http://www.onf.ca/film/oumar_9-1-1/,e6697c3216c967caf645b01ca33223bd,70.81.103.148,"2012-11-26 20:54:17",AnonymousUser,11,http://www.onf.ca/film/oumar_9-1-1/_70.81.103.148_e6697c3216c967caf645b01ca33223bd,20,18,0,0.0000
http://www.onf.ca/film/pour_la_suite_du_monde,9b6d72ae36310c7454361b02cf09ff6a,184.163.151.76,"2012-11-24 15:25:45",anonymous,4,http://www.onf.ca/film/pour_la_suite_du_monde_184.163.151.76_9b6d72ae36310c7454361b02cf09ff6a,19,18,0,0.0000
http://www.onf.ca/film/pour_la_suite_du_monde/,9b0f1039c62899a79bde68608fc6752c,85.240.59.167,"2012-11-23 10:35:43",AnonymousUser,11,http://www.onf.ca/film/pour_la_suite_du_monde/_85.240.59.167_9b0f1039c62899a79bde68608fc6752c,19,18,0,0.0000
http://www.onf.ca/film/un_pays_sans_bon_sens/,2c19c05ea0820fad6c6849baa1ebe6d8,184.160.60.138,"2012-11-24 01:33:27",AnonymousUser,11,http://www.onf.ca/film/un_pays_sans_bon_sens/_184.160.60.138_2c19c05ea0820fad6c6849baa1ebe6d8,18,18,0,0.0000
http://www.nfb.ca/film/at_winter_sea_ice_camp_pt_2/,67bc4b85567d068b005cd916c21d81d1,94.42.176.158,"2012-11-26 13:06:46",AnonymousUser,2,http://www.nfb.ca/film/at_winter_sea_ice_camp_pt_2/_94.42.176.158_67bc4b85567d068b005cd916c21d81d1,23,19,0,0.0000
http://www.nfb.ca/film/challenger_an_industrial_romance/,e3a22a883ce1c7eff777c50bdca30098,74.57.191.220,"2012-11-25 09:38:58",AnonymousUser,21,http://www.nfb.ca/film/challenger_an_industrial_romance/_74.57.191.220_e3a22a883ce1c7eff777c50bdca30098,20,19,0,0.0000
http://www.nfb.ca/film/dancing_around_the_table_part_two/,f6da4f21a593d478752517919ffd74d8,99.241.145.149,"2012-11-26 09:37:33",AnonymousUser,2,http://www.nfb.ca/film/dancing_around_the_table_part_two/_99.241.145.149_f6da4f21a593d478752517919ffd74d8,19,19,0,0.0000
http://www.nfb.ca/film/genetic_takeover_or_mutant_food,70af2298a56af4d2a1069fa8385aa087,62.252.165.1,"2012-11-25 02:29:05",anonymous,5,http://www.nfb.ca/film/genetic_takeover_or_mutant_food_62.252.165.1_70af2298a56af4d2a1069fa8385aa087,25,19,0,0.0000
http://www.nfb.ca/film/poen,e90f445f2edc4f9cd579a479c240f676,109.84.0.120,"2012-11-29 01:12:40",anonymous,3,http://www.nfb.ca/film/poen_109.84.0.120_e90f445f2edc4f9cd579a479c240f676,45,19,0,0.0000
http://www.nfb.ca/film/radiant_city,dc3520b3d5d7b4db4376c9898db54bc6,114.221.210.152,"2012-11-23 20:25:41",anonymous,4,http://www.nfb.ca/film/radiant_city_114.221.210.152_dc3520b3d5d7b4db4376c9898db54bc6,32,19,0,0.0000
http://www.nfb.ca/film/through_a_blue_lens/,afade420e4d47265054dcafa66c0e004,142.22.16.52,"2012-11-27 12:57:38",AnonymousUser,2,http://www.nfb.ca/film/through_a_blue_lens/_142.22.16.52_afade420e4d47265054dcafa66c0e004,21,19,0,0.0000
http://www.onf.ca/film/bacon_le_film/,187676b8d95c2e17e2a73e35e7d9c67c,206.41.90.243,"2012-11-23 08:12:29",AnonymousUser,11,http://www.onf.ca/film/bacon_le_film/_206.41.90.243_187676b8d95c2e17e2a73e35e7d9c67c,19,19,0,0.0000
http://www.onf.ca/film/xenofolies/,58aadbc63b71f53895bd0ec8e127d662,205.237.215.217,"2012-11-27 09:00:19",AnonymousUser,11,http://www.onf.ca/film/xenofolies/_205.237.215.217_58aadbc63b71f53895bd0ec8e127d662,20,19,0,0.0000
http://www.nfb.ca/film/aftermath_the_legacy_of_suicide/,f3f7421180c0c6833dfa4012112fd730,66.131.46.44,"2012-11-27 11:56:31",AnonymousUser,2,http://www.nfb.ca/film/aftermath_the_legacy_of_suicide/_66.131.46.44_f3f7421180c0c6833dfa4012112fd730,22,20,0,0.0000
http://www.nfb.ca/film/and_music/trailer/and_music_trailer,3983b8a40e43b575d9df788a3d7c9278,184.66.137.77,"2012-11-24 22:54:46",AnonymousUser,2,http://www.nfb.ca/film/and_music/trailer/and_music_trailer_184.66.137.77_3983b8a40e43b575d9df788a3d7c9278,20,20,0,0.0000
http://www.nfb.ca/film/chasseurs_dombre/,6f29272e4d55ffcd800556dc1288f61a,99.252.90.227,"2012-11-24 15:29:22",AnonymousUser,2,http://www.nfb.ca/film/chasseurs_dombre/_99.252.90.227_6f29272e4d55ffcd800556dc1288f61a,20,20,0,0.0000
http://www.nfb.ca/film/flamenco_at_515/,c421eb6b9f72947a7d1d8a23f45f40c9,81.156.81.200,"2012-11-26 09:59:37",AnonymousUser,2,http://www.nfb.ca/film/flamenco_at_515/_81.156.81.200_c421eb6b9f72947a7d1d8a23f45f40c9,21,20,0,0.0000
http://www.nfb.ca/film/project_grizzly/,5807914ce9bab0694131101381cade91,83.149.48.61,"2012-11-26 23:21:26",AnonymousUser,2,http://www.nfb.ca/film/project_grizzly/_83.149.48.61_5807914ce9bab0694131101381cade91,20,20,0,0.0000
http://www.nfb.ca/film/remember_africville/,d82485e184ef41e6dff4a2342a782ad9,76.11.122.139,"2012-11-25 19:00:25",AnonymousUser,2,http://www.nfb.ca/film/remember_africville/_76.11.122.139_d82485e184ef41e6dff4a2342a782ad9,21,20,0,0.0000
http://www.nfb.ca/film/ten_million_books/,6705a2004636c974344582b1f5775514,62.206.91.36,"2012-11-23 03:21:12",AnonymousUser,2,http://www.nfb.ca/film/ten_million_books/_62.206.91.36_6705a2004636c974344582b1f5775514,21,20,0,0.0000
http://www.nfb.ca/film/totem_the_return_of_the_gpsgolox_pole/,3e1e1b3a8f71daf23be1220b1f0f7955,206.87.119.72,"2012-11-26 22:21:32",AnonymousUser,2,http://www.nfb.ca/film/totem_the_return_of_the_gpsgolox_pole/_206.87.119.72_3e1e1b3a8f71daf23be1220b1f0f7955,20,20,0,0.0000
http://www.nfb.ca/film/walking/,dffd965d8cacebcb31b39572e57417dc,69.205.245.174,"2012-11-28 19:56:44",AnonymousUser,2,http://www.nfb.ca/film/walking/_69.205.245.174_dffd965d8cacebcb31b39572e57417dc,21,20,0,0.0000
http://www.nfb.tv/film/cueca_sola/,10a69a765b57b1ecf13fc0326ee65a9b,74.59.233.5,"2012-11-26 22:34:37",AnonymousUser,21,http://www.nfb.tv/film/cueca_sola/_74.59.233.5_10a69a765b57b1ecf13fc0326ee65a9b,21,20,0,0.0000
http://www.onf.ca/film/paow_paow_te_mort,d11ab5b5ad8d7371e2c6e812daf50ce5,96.23.226.92,"2012-11-26 19:47:18",anonymous,3,http://www.onf.ca/film/paow_paow_te_mort_96.23.226.92_d11ab5b5ad8d7371e2c6e812daf50ce5,59,20,0,0.0000
http://www.onf.ca/film/par_une_belle_nuit_dhiver/,1cbec34d8f4d15eff6ca74592653ab84,90.84.144.62,"2012-11-29 03:05:55",AnonymousUser,11,http://www.onf.ca/film/par_une_belle_nuit_dhiver/_90.84.144.62_1cbec34d8f4d15eff6ca74592653ab84,20,20,0,0.0000
http://www.onf.ca/film/sexy_inc_nos_enfants_sous_influence/,ae7a1a306f171cdfdcfa01f793ebf952,142.157.50.83,"2012-11-28 11:58:18",AnonymousUser,11,http://www.onf.ca/film/sexy_inc_nos_enfants_sous_influence/_142.157.50.83_ae7a1a306f171cdfdcfa01f793ebf952,23,20,0,0.0000
http://www.onf.ca/film/une-derniere-chance/trailer/une_derniere_chance_bande_annonce,f2165dbf182e2d49da5f1c2c1ff5e2bf,187.165.100.125,"2012-11-23 23:57:52",AnonymousUser,11,http://www.onf.ca/film/une-derniere-chance/trailer/une_derniere_chance_bande_annonce_187.165.100.125_f2165dbf182e2d49da5f1c2c1ff5e2bf,20,20,0,0.0000
http://www.nfb.ca/film/asthma_tech,1021a63ced0dd99a9c1c3a110d74a1b1,199.247.181.249,"2012-11-24 16:26:57",anonymous,4,http://www.nfb.ca/film/asthma_tech_199.247.181.249_1021a63ced0dd99a9c1c3a110d74a1b1,51,21,0,0.0000
http://www.nfb.ca/film/challenger_an_industrial_romance/,31edc5ced0e787b559f573c1d7810022,69.141.253.116,"2012-11-24 00:05:39",AnonymousUser,2,http://www.nfb.ca/film/challenger_an_industrial_romance/_69.141.253.116_31edc5ced0e787b559f573c1d7810022,21,21,0,0.0000
http://www.nfb.ca/film/exile_a_myth_unearthed/trailer/exile_trailer,df4533f7d5bdf0d312f83174033eebc4,74.64.62.10,"2012-11-28 21:00:42",AnonymousUser,2,http://www.nfb.ca/film/exile_a_myth_unearthed/trailer/exile_trailer_74.64.62.10_df4533f7d5bdf0d312f83174033eebc4,21,21,0,0.0000
http://www.nfb.ca/film/remember_africville/,06618c4a93a43f112f3e515b69d77716,173.33.173.80,"2012-11-25 17:13:47",AnonymousUser,2,http://www.nfb.ca/film/remember_africville/_173.33.173.80_06618c4a93a43f112f3e515b69d77716,21,21,0,0.0000
http://www.onf.ca/film/une_minute_de_science_svp_volume_2,137686548ee52989507968f484b60a7d,72.11.182.191,"2012-11-28 08:05:33",anonymous,4,http://www.onf.ca/film/une_minute_de_science_svp_volume_2_72.11.182.191_137686548ee52989507968f484b60a7d,64,21,0,0.0000
http://www.nfb.ca/film/asthma_tech,ffd7436076b49927f92ae4604e5a495c,174.254.81.29,"2012-11-25 19:05:31",anonymous,3,http://www.nfb.ca/film/asthma_tech_174.254.81.29_ffd7436076b49927f92ae4604e5a495c,165,22,0,0.0000
http://www.nfb.ca/film/being_caribou/,da4260e8c9cd85bedc4e9ab0a034dc2e,65.95.207.24,"2012-11-23 20:11:58",AnonymousUser,2,http://www.nfb.ca/film/being_caribou/_65.95.207.24_da4260e8c9cd85bedc4e9ab0a034dc2e,22,22,0,0.0000
http://www.nfb.ca/film/cries_from_the_deep/,bf334b04b0aa767daee7549d2a1e1051,82.225.172.168,"2012-11-28 06:49:12",AnonymousUser,2,http://www.nfb.ca/film/cries_from_the_deep/_82.225.172.168_bf334b04b0aa767daee7549d2a1e1051,22,22,0,0.0000
http://www.nfb.ca/film/finding_dawn/,055bf13eee519defe0fa8b7c8bef26fb,199.84.62.189,"2012-11-23 19:22:55",AnonymousUser,2,http://www.nfb.ca/film/finding_dawn/_199.84.62.189_055bf13eee519defe0fa8b7c8bef26fb,23,22,0,0.0000
http://www.nfb.ca/film/finding_dawn/,5780d40eda4a27b3ad02786af97ea2f1,23.16.25.102,"2012-11-24 17:25:06",AnonymousUser,2,http://www.nfb.ca/film/finding_dawn/_23.16.25.102_5780d40eda4a27b3ad02786af97ea2f1,25,22,0,0.0000
http://www.nfb.ca/film/hofmanns_potion/,16ac3e644795b945023241025a7e7634,76.229.166.89,"2012-11-23 00:00:31",AnonymousUser,2,http://www.nfb.ca/film/hofmanns_potion/_76.229.166.89_16ac3e644795b945023241025a7e7634,24,22,0,0.0000
http://www.nfb.ca/film/ill_find_a_way/,a85ce74d7f247759361b6e677af13c63,69.157.250.214,"2012-11-25 16:05:20",AnonymousUser,2,http://www.nfb.ca/film/ill_find_a_way/_69.157.250.214_a85ce74d7f247759361b6e677af13c63,22,22,0,0.0000
http://www.nfb.ca/film/inner_rush,309d54bebcdeb9b0a9c11a4f00867b1a,209.91.107.165,"2012-11-26 17:12:36",anonymous,3,http://www.nfb.ca/film/inner_rush_209.91.107.165_309d54bebcdeb9b0a9c11a4f00867b1a,73,22,0,0.0000
http://www.nfb.ca/film/lonely_boy/,0e0702e21f9270bdb1d5991b7d1676e0,74.57.176.80,"2012-11-27 22:43:24",AnonymousUser,2,http://www.nfb.ca/film/lonely_boy/_74.57.176.80_0e0702e21f9270bdb1d5991b7d1676e0,23,22,0,0.0000
http://www.nfb.ca/film/mind_me_good_now,5622011a42d775e408670af697893048,108.66.193.19,"2012-11-28 11:38:03",anonymous,4,http://www.nfb.ca/film/mind_me_good_now_108.66.193.19_5622011a42d775e408670af697893048,137,22,0,0.0000
http://www.onf.ca/film/pour_la_suite_du_monde/,3108d89c8637b353023b3ae78ac71b71,70.80.159.139,"2012-11-29 02:20:52",AnonymousUser,11,http://www.onf.ca/film/pour_la_suite_du_monde/_70.80.159.139_3108d89c8637b353023b3ae78ac71b71,22,22,0,0.0000
http://www.onf.ca/film/sept_peintres_du_quebec/,d64e3a616b90736b7b7c45aea95def7c,96.127.210.117,"2012-11-27 22:37:13",AnonymousUser,11,http://www.onf.ca/film/sept_peintres_du_quebec/_96.127.210.117_d64e3a616b90736b7b7c45aea95def7c,23,22,0,0.0000
http://www.nfb.ca/film/alfred_desrochers_poete/,7170b1c9b4aac874e757190204de3088,70.30.212.174,"2012-11-25 07:59:26",AnonymousUser,2,http://www.nfb.ca/film/alfred_desrochers_poete/_70.30.212.174_7170b1c9b4aac874e757190204de3088,23,23,0,0.0000
http://www.nfb.ca/film/lump,29638427d6beba22d5a5b4bf849f298c,64.229.24.158,"2012-11-24 19:39:53",anonymous,4,http://www.nfb.ca/film/lump_64.229.24.158_29638427d6beba22d5a5b4bf849f298c,33,23,0,0.0000
http://www.nfb.ca/film/radiant_city/,07b937e3367834885f6fd71f4e6d88f6,113.252.108.208,"2012-11-27 02:11:29",AnonymousUser,21,http://www.nfb.ca/film/radiant_city/_113.252.108.208_07b937e3367834885f6fd71f4e6d88f6,25,23,0,0.0000
http://www.onf.ca/film/dingues,72b116d094fcdbd417e0074760020371,70.51.197.67,"2012-11-25 08:39:14",anonymous,3,http://www.onf.ca/film/dingues_70.51.197.67_72b116d094fcdbd417e0074760020371,43,23,0,0.0000
http://www.onf.ca/film/voitures_deau/,362de113785ec54ee8cc4d730fea3d0c,66.130.34.109,"2012-11-24 08:39:50",AnonymousUser,11,http://www.onf.ca/film/voitures_deau/_66.130.34.109_362de113785ec54ee8cc4d730fea3d0c,23,23,0,0.0000
http://www.nfb.ca/film/weight_of_the_world/,14fa806ec60aaf2e4b3d03eabaa2c3bf,199.235.94.146,"2012-11-28 13:39:41",AnonymousUser,2,http://www.nfb.ca/film/weight_of_the_world/_199.235.94.146_14fa806ec60aaf2e4b3d03eabaa2c3bf,24,24,0,0.0000
http://www.nfb.ca/film/westray/,d52a3e7d49492cf1220ceaaef6652ef2,24.138.61.61,"2012-11-24 00:14:13",AnonymousUser,2,http://www.nfb.ca/film/westray/_24.138.61.61_d52a3e7d49492cf1220ceaaef6652ef2,27,24,0,0.0000
http://www.nfb.ca/film/westray/,7efd0640f65d0bbd188c3415fa82febd,70.67.21.221,"2012-11-26 17:20:35",AnonymousUser,2,http://www.nfb.ca/film/westray/_70.67.21.221_7efd0640f65d0bbd188c3415fa82febd,24,24,0,0.0000
http://www.onf.ca/film/bacon_le_film/,451ee9ba1eb5d7ec1daa37f088cffcbb,206.41.90.243,"2012-11-27 07:05:21",AnonymousUser,11,http://www.onf.ca/film/bacon_le_film/_206.41.90.243_451ee9ba1eb5d7ec1daa37f088cffcbb,25,24,0,0.0000
http://www.onf.ca/film/isabelle_au_bois_dormant,d7616444587dd730cd8fbdc410e18ad2,74.58.194.159,"2012-11-26 19:26:16",anonymous,4,http://www.onf.ca/film/isabelle_au_bois_dormant_74.58.194.159_d7616444587dd730cd8fbdc410e18ad2,37,24,0,0.0000
http://www.onf.ca/film/jveux_un_toutou,8b0616dc18802f8c86e41e20cfa09852,83.205.10.240,"2012-11-24 05:20:09",anonymous,4,http://www.onf.ca/film/jveux_un_toutou_83.205.10.240_8b0616dc18802f8c86e41e20cfa09852,26,24,0,0.0000
http://www.nfb.ca/film/for_man_must_work,d6bb43699bb8704d68f4744bf791ddf4,72.83.138.212,"2012-11-23 17:49:25",anonymous,3,http://www.nfb.ca/film/for_man_must_work_72.83.138.212_d6bb43699bb8704d68f4744bf791ddf4,64,25,0,0.0000
http://www.nfb.ca/film/paper_wheat/,e6b79703ac5635567648f82176f1e7b8,68.147.230.101,"2012-11-26 13:29:43",AnonymousUser,2,http://www.nfb.ca/film/paper_wheat/_68.147.230.101_e6b79703ac5635567648f82176f1e7b8,26,26,0,0.0000
http://www.nfb.ca/film/tchou-tchou_en,b0be26feebc0ee79bbd590278d457c22,70.75.155.138,"2012-11-28 16:50:19",anonymous,3,http://www.nfb.ca/film/tchou-tchou_en_70.75.155.138_b0be26feebc0ee79bbd590278d457c22,179,26,0,0.0000
http://www.nfb.ca/film/whos_counting/,39b339153b6f2dee2d1f522e6933c7c5,66.207.141.195,"2012-11-25 08:10:29",AnonymousUser,2,http://www.nfb.ca/film/whos_counting/_66.207.141.195_39b339153b6f2dee2d1f522e6933c7c5,26,26,0,0.0000
http://www.nfb.ca/film/kanehsatake_270_years_of_resistance/,4605fd083e82feabd4677f8b440167a8,24.224.252.172,"2012-11-25 14:32:19",AnonymousUser,2,http://www.nfb.ca/film/kanehsatake_270_years_of_resistance/_24.224.252.172_4605fd083e82feabd4677f8b440167a8,27,27,0,0.0000
http://www.nfb.ca/film/sand_castle/,a8da5345f81a82a4ee4d34e34da1399e,70.82.194.39,"2012-11-27 00:58:08",AnonymousUser,2,http://www.nfb.ca/film/sand_castle/_70.82.194.39_a8da5345f81a82a4ee4d34e34da1399e,27,27,0,0.0000
http://www.nfb.ca/film/sleeping_tigers_the_asahi_baseball_story/,d292e7a5e4c555eaffc9e74da9a8ebcf,70.72.212.218,"2012-11-28 20:25:45",AnonymousUser,2,http://www.nfb.ca/film/sleeping_tigers_the_asahi_baseball_story/_70.72.212.218_d292e7a5e4c555eaffc9e74da9a8ebcf,29,27,0,0.0000
http://www.onf.ca/film/art_n_est_point_sans_soucy/,908fb56f5856765272bf5dd55e4dbd62,69.70.254.90,"2012-11-29 09:46:19",AnonymousUser,11,http://www.onf.ca/film/art_n_est_point_sans_soucy/_69.70.254.90_908fb56f5856765272bf5dd55e4dbd62,29,27,0,0.0000
http://www.nfb.ca/film/cesars_bark_canoe/,18582170efcf06935536f06fdd618a8a,64.147.210.162,"2012-11-26 07:06:50",AnonymousUser,2,http://www.nfb.ca/film/cesars_bark_canoe/_64.147.210.162_18582170efcf06935536f06fdd618a8a,28,28,0,0.0000
http://www.nfb.ca/film/log_drivers_waltz,1bf0305a2125bd7c10553b9f1307bdd4,184.69.27.246,"2012-11-26 00:37:52",anonymous,4,http://www.nfb.ca/film/log_drivers_waltz_184.69.27.246_1bf0305a2125bd7c10553b9f1307bdd4,30,28,0,0.0000
http://www.nfb.ca/film/paula_fr/trailer/paula_bande_annonce,b6f39884d81c07dbb9a9d8ccafa3140e,86.45.9.32,"2012-11-23 14:03:04",AnonymousUser,2,http://www.nfb.ca/film/paula_fr/trailer/paula_bande_annonce_86.45.9.32_b6f39884d81c07dbb9a9d8ccafa3140e,28,28,0,0.0000
http://www.onf.ca/film/doublures/,d0e66144d1c6d7ca12e148dc97714427,75.152.82.66,"2012-11-23 16:00:31",AnonymousUser,11,http://www.onf.ca/film/doublures/_75.152.82.66_d0e66144d1c6d7ca12e148dc97714427,30,28,0,0.0000
http://www.onf.ca/film/noel_noel1,b33fd550351c23d95defffe087003f37,184.151.127.180,"2012-11-24 10:41:49",anonymous,3,http://www.onf.ca/film/noel_noel1_184.151.127.180_b33fd550351c23d95defffe087003f37,56,28,0,0.0000
http://www.onf.ca/film/trou_story/trailer/trou_story_bande_annonce,648e13c89961063cefda9f982534a501,78.203.106.173,"2012-11-26 06:01:06",AnonymousUser,11,http://www.onf.ca/film/trou_story/trailer/trou_story_bande_annonce_78.203.106.173_648e13c89961063cefda9f982534a501,28,28,0,0.0000
http://www.nfb.ca/film/oskee_wee_wee,436cc9b837959e49fb32708c565664af,199.126.183.186,"2012-11-26 20:37:57",anonymous,4,http://www.nfb.ca/film/oskee_wee_wee_199.126.183.186_436cc9b837959e49fb32708c565664af,33,29,0,0.0000
http://www.nfb.ca/film/sweater,68e269fdb36c649ac9cafaa5ad0f6801,50.101.77.81,"2012-11-26 15:32:54",anonymous,31,http://www.nfb.ca/film/sweater_50.101.77.81_68e269fdb36c649ac9cafaa5ad0f6801,31,30,0,0.0000
http://www.onf.ca/film/pour_la_suite_du_monde/,44881fc440e5032515933968e9aaaca9,72.10.132.149,"2012-11-23 19:31:14",AnonymousUser,11,http://www.onf.ca/film/pour_la_suite_du_monde/_72.10.132.149_44881fc440e5032515933968e9aaaca9,30,30,0,0.0000
http://www.onf.ca/film/sexy_inc_nos_enfants_sous_influence/,ac084b9d9134b94a2f310c9a1aa4d03e,132.216.227.92,"2012-11-28 08:41:06",AnonymousUser,11,http://www.onf.ca/film/sexy_inc_nos_enfants_sous_influence/_132.216.227.92_ac084b9d9134b94a2f310c9a1aa4d03e,31,30,0,0.0000
http://www.nfb.ca/film/challenger_an_industrial_romance/,997fa18ebb941c139789aac2109bbaca,216.113.24.1,"2012-11-23 11:21:13",AnonymousUser,21,http://www.nfb.ca/film/challenger_an_industrial_romance/_216.113.24.1_997fa18ebb941c139789aac2109bbaca,32,31,0,0.0000
http://www.onf.ca/film/affaire_norman_william,8b76dd866a8ce12dd4e229e33536d1c1,82.233.244.173,"2012-11-25 06:00:11",anonymous,4,http://www.onf.ca/film/affaire_norman_william_82.233.244.173_8b76dd866a8ce12dd4e229e33536d1c1,141,31,0,0.0000
http://www.nfb.ca/film/the-cat-came-back,cd196b832284d74a6662bfaffb60920b,174.0.167.217,"2012-11-27 06:06:11",anonymous,4,http://www.nfb.ca/film/the-cat-came-back_174.0.167.217_cd196b832284d74a6662bfaffb60920b,68,32,0,0.0000
http://www.onf.ca/film/zea-fr/,cc17a937d957c662a50f196ca60784c0,184.160.21.194,"2012-11-25 08:50:59",AnonymousUser,11,http://www.onf.ca/film/zea-fr/_184.160.21.194_cc17a937d957c662a50f196ca60784c0,33,32,0,0.0000
http://www.nfb.ca/film/india_trip/,a4d33e018e97de49768d1c601a5e2051,77.185.96.19,"2012-11-27 06:55:13",AnonymousUser,2,http://www.nfb.ca/film/india_trip/_77.185.96.19_a4d33e018e97de49768d1c601a5e2051,34,34,0,0.0000
http://www.onf.ca/film/bacon_le_film/,71fdc8f50df2147d3ac13f936e6b4d5b,206.41.90.243,"2012-11-26 08:26:17",AnonymousUser,11,http://www.onf.ca/film/bacon_le_film/_206.41.90.243_71fdc8f50df2147d3ac13f936e6b4d5b,34,34,0,0.0000
http://www.onf.ca/film/bacon_le_film/,f5dc6583972bb24ef0fa4d1393c7897a,206.41.90.243,"2012-11-27 09:39:51",AnonymousUser,11,http://www.onf.ca/film/bacon_le_film/_206.41.90.243_f5dc6583972bb24ef0fa4d1393c7897a,34,34,0,0.0000
http://www.nfb.ca/film/challenger_an_industrial_romance/,c8eeff2d0bbae02d450b25feeb42e6a7,68.196.135.8,"2012-11-28 00:00:51",AnonymousUser,21,http://www.nfb.ca/film/challenger_an_industrial_romance/_68.196.135.8_c8eeff2d0bbae02d450b25feeb42e6a7,37,35,0,0.0000
http://www.nfb.ca/film/kanehsatake_270_years_of_resistance/,74d31c1c030ca2767eacab9c1a4be600,130.63.150.131,"2012-11-28 13:37:17",AnonymousUser,2,http://www.nfb.ca/film/kanehsatake_270_years_of_resistance/_130.63.150.131_74d31c1c030ca2767eacab9c1a4be600,38,36,0,0.0000
http://www.onf.ca/film/histoire_d_etre_humain/,e80416f77cd408e876e71c3dfc8f2107,135.19.16.44,"2012-11-25 12:15:18",AnonymousUser,11,http://www.onf.ca/film/histoire_d_etre_humain/_135.19.16.44_e80416f77cd408e876e71c3dfc8f2107,36,36,0,0.0000
http://www.nfb.ca/film/helicopter_canada/,90aeaa45021b2ff10dbd860257c45794,70.30.253.105,"2012-11-23 13:13:02",AnonymousUser,2,http://www.nfb.ca/film/helicopter_canada/_70.30.253.105_90aeaa45021b2ff10dbd860257c45794,37,37,0,0.0000
http://www.nfb.ca/film/between_living_in_the_hyphen/,055bf13eee519defe0fa8b7c8bef26fb,199.84.62.189,"2012-11-23 21:15:28",AnonymousUser,2,http://www.nfb.ca/film/between_living_in_the_hyphen/_199.84.62.189_055bf13eee519defe0fa8b7c8bef26fb,38,38,0,0.0000
http://www.nfb.ca/film/nobody-waved-good-bye/,dcfa929f551c010a35a1eb3328679c36,99.246.151.94,"2012-11-28 02:43:38",AnonymousUser,2,http://www.nfb.ca/film/nobody-waved-good-bye/_99.246.151.94_dcfa929f551c010a35a1eb3328679c36,38,38,0,0.0000
http://www.nfb.ca/film/pour_la_suite_du_monde_en/,6acc55edbf440ba1370b072ec99fed78,74.116.190.57,"2012-11-23 15:53:55",AnonymousUser,2,http://www.nfb.ca/film/pour_la_suite_du_monde_en/_74.116.190.57_6acc55edbf440ba1370b072ec99fed78,40,39,0,0.0000
http://www.onf.ca/film/a_l_affut_du_phoque_sur_la_glace_printaniere_1/,882b3fb042353bfdf5b5aa4c6bed8376,74.57.253.15,"2012-11-23 16:19:44",AnonymousUser,11,http://www.onf.ca/film/a_l_affut_du_phoque_sur_la_glace_printaniere_1/_74.57.253.15_882b3fb042353bfdf5b5aa4c6bed8376,40,39,0,0.0000
http://www.onf.ca/film/peuple_invisible/trailer/peuple-invisible-bande-annonce,339d57fc59754814594f740d33a50a55,69.172.81.209,"2012-11-28 22:10:59",AnonymousUser,11,http://www.onf.ca/film/peuple_invisible/trailer/peuple-invisible-bande-annonce_69.172.81.209_339d57fc59754814594f740d33a50a55,39,39,0,0.0000
http://www.onf.ca/film/acadie_acadie/,b69a0adedca2f5b2787aadad6bd348c7,81.249.224.35,"2012-11-28 16:14:03",AnonymousUser,11,http://www.onf.ca/film/acadie_acadie/_81.249.224.35_b69a0adedca2f5b2787aadad6bd348c7,41,40,0,0.0000
http://www.nfb.ca/film/strangest_dream/,994556175d7b47fa51e63f201e6f4837,74.15.100.142,"2012-11-28 19:55:46",jordann,2,http://www.nfb.ca/film/strangest_dream/_74.15.100.142_994556175d7b47fa51e63f201e6f4837,41,41,0,0.0000
http://www.onf.ca/film/bacon_le_film/,724a94c6327f5db5f0776adc111d8b37,206.41.90.243,"2012-11-27 09:53:54",AnonymousUser,11,http://www.onf.ca/film/bacon_le_film/_206.41.90.243_724a94c6327f5db5f0776adc111d8b37,42,42,0,0.0000
http://www.nfb.ca/film/el_contrato/,3480c020ff07c4482b4d91dd31671db2,24.57.53.230,"2012-11-23 01:23:32",AnonymousUser,2,http://www.nfb.ca/film/el_contrato/_24.57.53.230_3480c020ff07c4482b4d91dd31671db2,43,43,0,0.0000
http://www.nfb.ca/film/whos_counting/,d71e6faeb5b79a7bca0af68eb42aea38,153.104.186.114,"2012-11-28 11:10:28",AnonymousUser,2,http://www.nfb.ca/film/whos_counting/_153.104.186.114_d71e6faeb5b79a7bca0af68eb42aea38,43,43,0,0.0000
http://www.nfb.ca/film/last-chance/trailer/last_chance_trailer,c59344bff6964b146fce996b088eb086,71.68.252.180,"2012-11-26 17:42:06",AnonymousUser,2,http://www.nfb.ca/film/last-chance/trailer/last_chance_trailer_71.68.252.180_c59344bff6964b146fce996b088eb086,44,44,0,0.0000
http://www.onf.ca/film/pour_la_suite_du_monde/,3108d89c8637b353023b3ae78ac71b71,70.80.159.139,"2012-11-28 02:20:26",AnonymousUser,11,http://www.onf.ca/film/pour_la_suite_du_monde/_70.80.159.139_3108d89c8637b353023b3ae78ac71b71,44,44,0,0.0000
http://www.nfb.ca/film/kanehsatake_270_years_of_resistance/,16681187fc494e632fa39ef97a9ef4e7,208.72.125.70,"2012-11-24 16:20:18",AnonymousUser,2,http://www.nfb.ca/film/kanehsatake_270_years_of_resistance/_208.72.125.70_16681187fc494e632fa39ef97a9ef4e7,49,47,0,0.0000
http://www.nfb.ca/film/whos_counting/,7255416e0ffdd4a394aa71eac5d067f2,99.234.215.45,"2012-11-24 09:01:35",AnonymousUser,2,http://www.nfb.ca/film/whos_counting/_99.234.215.45_7255416e0ffdd4a394aa71eac5d067f2,48,47,0,0.0000
http://www.nfb.ca/film/pink_ribbons_inc/,e07f1133050c107fe7fc25057f2e119e,70.26.4.106,"2012-11-28 07:06:54",markdb1,2,http://www.nfb.ca/film/pink_ribbons_inc/_70.26.4.106_e07f1133050c107fe7fc25057f2e119e,51,50,0,0.0000
http://www.nfb.ca/film/rip_a_remix_manifesto/,7f387dff8e3faea97383a671855f196a,131.155.240.61,"2012-11-25 03:22:38",AnonymousUser,2,http://www.nfb.ca/film/rip_a_remix_manifesto/_131.155.240.61_7f387dff8e3faea97383a671855f196a,52,51,0,0.0000
http://www.onf.ca/film/country/,56d74e1c6ec658a63e2ce76374dbc4b3,173.177.3.59,"2012-11-23 17:52:53",AnonymousUser,11,http://www.onf.ca/film/country/_173.177.3.59_56d74e1c6ec658a63e2ce76374dbc4b3,54,52,0,0.0000
http://www.onf.ca/film/oumar_9-1-1/,b2833d5758d1e1234639d3eb43259726,96.22.52.176,"2012-11-27 09:15:11",AnonymousUser,11,http://www.onf.ca/film/oumar_9-1-1/_96.22.52.176_b2833d5758d1e1234639d3eb43259726,52,52,0,0.0000
http://www.nfb.ca/film/cree_hunters/,18582170efcf06935536f06fdd618a8a,64.147.210.162,"2012-11-25 18:13:17",AnonymousUser,2,http://www.nfb.ca/film/cree_hunters/_64.147.210.162_18582170efcf06935536f06fdd618a8a,57,54,1,0.0185
http://www.nfb.ca/film/men-for-sale-stub-547059/trailer/men_for_sale_trailer,055bf13eee519defe0fa8b7c8bef26fb,199.84.62.189,"2012-11-23 21:31:16",AnonymousUser,2,http://www.nfb.ca/film/men-for-sale-stub-547059/trailer/men_for_sale_trailer_199.84.62.189_055bf13eee519defe0fa8b7c8bef26fb,54,54,0,0.0000
http://www.nfb.ca/film/surviving-progress/trailer/surviving_progress_trailer,3b6229f6ae63599f9ec6be207ecfb77f,75.159.68.3,"2012-11-23 16:45:43",AnonymousUser,2,http://www.nfb.ca/film/surviving-progress/trailer/surviving_progress_trailer_75.159.68.3_3b6229f6ae63599f9ec6be207ecfb77f,54,54,0,0.0000
http://www.onf.ca/film/bacon_le_film/,de4d2505c2bd0970d086e64e08bab5c4,96.23.122.135,"2012-11-26 15:24:54",AnonymousUser,11,http://www.onf.ca/film/bacon_le_film/_96.23.122.135_de4d2505c2bd0970d086e64e08bab5c4,55,54,0,0.0000
http://www.onf.ca/film/gout_de_la_farine/,b69a0adedca2f5b2787aadad6bd348c7,81.249.224.35,"2012-11-28 16:19:50",AnonymousUser,11,http://www.onf.ca/film/gout_de_la_farine/_81.249.224.35_b69a0adedca2f5b2787aadad6bd348c7,54,54,0,0.0000
http://www.onf.ca/film/ixe-13,31e5ac781aff82f91104904e04723533,41.219.55.89,"2012-11-28 14:42:05",anonymous,4,http://www.onf.ca/film/ixe-13_41.219.55.89_31e5ac781aff82f91104904e04723533,57,56,0,0.0000
http://www.onf.ca/film/peuple_invisible/trailer/peuple-invisible-bande-annonce,57072bebdafb5006062cbbfc375d43fe,216.252.79.120,"2012-11-24 22:50:38",AnonymousUser,11,http://www.onf.ca/film/peuple_invisible/trailer/peuple-invisible-bande-annonce_216.252.79.120_57072bebdafb5006062cbbfc375d43fe,56,56,0,0.0000
http://www.nfb.ca/film/radiant_city/,c5edeee0d610c0c0859183a7440b4654,70.49.170.89,"2012-11-28 15:09:19",AnonymousUser,21,http://www.nfb.ca/film/radiant_city/_70.49.170.89_c5edeee0d610c0c0859183a7440b4654,60,57,1,0.0175
http://www.nfb.ca/film/ti_jean_goes_lumbering,90772cbc3a0bdc6c1a3562f0bf91ff72,78.149.118.5,"2012-11-28 12:42:02",anonymous,3,http://www.nfb.ca/film/ti_jean_goes_lumbering_78.149.118.5_90772cbc3a0bdc6c1a3562f0bf91ff72,59,57,0,0.0000
http://www.onf.ca/film/sexy_inc_nos_enfants_sous_influence/,ac084b9d9134b94a2f310c9a1aa4d03e,142.157.6.141,"2012-11-28 12:51:44",AnonymousUser,11,http://www.onf.ca/film/sexy_inc_nos_enfants_sous_influence/_142.157.6.141_ac084b9d9134b94a2f310c9a1aa4d03e,59,57,0,0.0000
http://www.nfb.ca/film/sexy_inc/,5a25dec8bf76e61aab24b3ea56618278,197.156.68.65,"2012-11-23 06:53:37",AnonymousUser,21,http://www.nfb.ca/film/sexy_inc/_197.156.68.65_5a25dec8bf76e61aab24b3ea56618278,61,58,1,0.0172
http://www.nfb.ca/film/stub-556813/trailer/who_cares_trailer,b6f39884d81c07dbb9a9d8ccafa3140e,86.45.9.32,"2012-11-23 14:01:56",AnonymousUser,2,http://www.nfb.ca/film/stub-556813/trailer/who_cares_trailer_86.45.9.32_b6f39884d81c07dbb9a9d8ccafa3140e,58,58,0,0.0000
http://www.nfb.ca/film/shameless_the_art_of_disability/,de9bed354f3be08e129628b8150981f7,174.91.93.95,"2012-11-28 10:37:43",AnonymousUser,2,http://www.nfb.ca/film/shameless_the_art_of_disability/_174.91.93.95_de9bed354f3be08e129628b8150981f7,62,60,1,0.0167
http://www.nfb.ca/film/challenger_an_industrial_romance/,20c96975e64f660a09f7e56eb2f47cf7,216.113.24.1,"2012-11-26 16:22:28",AnonymousUser,21,http://www.nfb.ca/film/challenger_an_industrial_romance/_216.113.24.1_20c96975e64f660a09f7e56eb2f47cf7,64,61,1,0.0164
http://www.onf.ca/film/oumar_9-1-1/,7a52c99b174f3278fcc3f858498a5441,132.204.3.57,"2012-11-27 01:21:35",AnonymousUser,11,http://www.onf.ca/film/oumar_9-1-1/_132.204.3.57_7a52c99b174f3278fcc3f858498a5441,63,61,1,0.0164
http://www.onf.ca/film/le_merle/,0bb50f3e8e38c333ecf262d4a24daf74,193.49.39.141,"2012-11-23 08:06:49",AnonymousUser,11,http://www.onf.ca/film/le_merle/_193.49.39.141_0bb50f3e8e38c333ecf262d4a24daf74,62,62,0,0.0000
http://www.onf.ca/film/le_ring_interieur,31e5ac781aff82f91104904e04723533,41.219.55.190,"2012-11-28 11:37:39",anonymous,4,http://www.onf.ca/film/le_ring_interieur_41.219.55.190_31e5ac781aff82f91104904e04723533,153,63,0,0.0000
http://www.nfb.ca/film/last-chance/trailer/last_chance_trailer,8fa80d97cd83df77effd651338aebd22,128.177.42.2,"2012-11-27 09:32:57",AnonymousUser,2,http://www.nfb.ca/film/last-chance/trailer/last_chance_trailer_128.177.42.2_8fa80d97cd83df77effd651338aebd22,68,68,0,0.0000
http://www.onf.ca/film/a_la_recherche_de_la_baleine_franche/,da3104894cdb9cff0eac38a769aa5e17,205.151.251.70,"2012-11-28 16:35:47",AnonymousUser,11,http://www.onf.ca/film/a_la_recherche_de_la_baleine_franche/_205.151.251.70_da3104894cdb9cff0eac38a769aa5e17,71,68,1,0.0147
http://www.nfb.ca/film/totem_the_return_of_the_gpsgolox_pole/,da0ab81fe5197affd724f97dc187953b,96.50.4.21,"2012-11-27 04:33:27",AnonymousUser,2,http://www.nfb.ca/film/totem_the_return_of_the_gpsgolox_pole/_96.50.4.21_da0ab81fe5197affd724f97dc187953b,70,70,0,0.0000
http://www.nfb.ca/film/between_living_in_the_hyphen/,c3c2c19f898c9061e56afad1b488f826,132.205.161.117,"2012-11-27 09:09:23",AnonymousUser,2,http://www.nfb.ca/film/between_living_in_the_hyphen/_132.205.161.117_c3c2c19f898c9061e56afad1b488f826,74,71,1,0.0141
http://www.onf.ca/film/formation_des_nuages/trailer/formation_des_nuages_bande_annonce,57122e1afbddab37ada24958697c0ba2,50.21.139.97,"2012-11-24 16:05:51",AnonymousUser,11,http://www.onf.ca/film/formation_des_nuages/trailer/formation_des_nuages_bande_annonce_50.21.139.97_57122e1afbddab37ada24958697c0ba2,71,71,0,0.0000
http://www.onf.ca/film/aviron_qui_nous_mene_solo_en_eaux_vives/,da3104894cdb9cff0eac38a769aa5e17,205.151.251.70,"2012-11-28 16:44:06",AnonymousUser,11,http://www.onf.ca/film/aviron_qui_nous_mene_solo_en_eaux_vives/_205.151.251.70_da3104894cdb9cff0eac38a769aa5e17,75,73,1,0.0137
http://www.nfb.ca/film/finding_dawn/,dc98e700166e2f06a717288d0160deae,96.49.164.171,"2012-11-28 00:01:24",AnonymousUser,2,http://www.nfb.ca/film/finding_dawn/_96.49.164.171_dc98e700166e2f06a717288d0160deae,78,74,1,0.0135
http://www.nfb.ca/film/radiant_city/,a498648471649c3fd8e452ebb1335e19,141.117.155.35,"2012-11-26 22:00:45",AnonymousUser,2,http://www.nfb.ca/film/radiant_city/_141.117.155.35_a498648471649c3fd8e452ebb1335e19,75,74,1,0.0135
http://www.nfb.ca/film/last-chance/trailer/last_chance_trailer,c707e84b7db028742bf571bd0c856703,68.232.66.218,"2012-11-27 22:04:09",AnonymousUser,2,http://www.nfb.ca/film/last-chance/trailer/last_chance_trailer_68.232.66.218_c707e84b7db028742bf571bd0c856703,76,76,0,0.0000
http://www.onf.ca/film/chat_dans_le_sac/,8517bfbc3d1d366f74ec66867b1e0890,184.163.151.25,"2012-11-26 17:34:18",AnonymousUser,11,http://www.onf.ca/film/chat_dans_le_sac/_184.163.151.25_8517bfbc3d1d366f74ec66867b1e0890,81,78,1,0.0128
http://www.nfb.ca/film/alfred_desrochers_poete/,7170b1c9b4aac874e757190204de3088,70.30.212.174,"2012-11-24 00:00:02",AnonymousUser,2,http://www.nfb.ca/film/alfred_desrochers_poete/_70.30.212.174_7170b1c9b4aac874e757190204de3088,82,81,1,0.0123
http://www.nfb.ca/film/canada_remembers_part_one_turning_the_tide/,b4f2d30dce81930aec16f81fe42be28e,66.97.29.2,"2012-11-29 07:21:05",AnonymousUser,2,http://www.nfb.ca/film/canada_remembers_part_one_turning_the_tide/_66.97.29.2_b4f2d30dce81930aec16f81fe42be28e,83,81,1,0.0123
http://www.nfb.ca/film/up_the_yangtze/trailer/up-the-yangtze-trailer,9a5d6037d4678e7bc55f07170c84bfb0,172.219.185.77,"2012-11-26 15:41:49",AnonymousUser,2,http://www.nfb.ca/film/up_the_yangtze/trailer/up-the-yangtze-trailer_172.219.185.77_9a5d6037d4678e7bc55f07170c84bfb0,83,83,0,0.0000
http://www.nfb.ca/film/is_the_crown_at_war_with_us/,679c16f3784ae74f3420e1cd9d867165,70.53.194.15,"2012-11-24 11:55:16",AnonymousUser,2,http://www.nfb.ca/film/is_the_crown_at_war_with_us/_70.53.194.15_679c16f3784ae74f3420e1cd9d867165,88,86,0,0.0000
http://www.nfb.ca/film/la_ptite_bourgogne/,1126e91eafa4e13031c238122747ebe1,70.53.190.107,"2012-11-26 17:45:44",AnonymousUser,2,http://www.nfb.ca/film/la_ptite_bourgogne/_70.53.190.107_1126e91eafa4e13031c238122747ebe1,92,88,1,0.0114
http://www.nfb.ca/film/finding_dawn/,b3916da14dba408e603f856f3fb858ae,68.150.216.119,"2012-11-29 00:01:27",AnonymousUser,2,http://www.nfb.ca/film/finding_dawn/_68.150.216.119_b3916da14dba408e603f856f3fb858ae,95,92,1,0.0109
http://www.onf.ca/film/bataille_de_la_chateauguay/,799c0912fe95f157e53ff7ae5d9b2cfa,135.19.212.105,"2012-11-26 11:43:40",AnonymousUser,11,http://www.onf.ca/film/bataille_de_la_chateauguay/_135.19.212.105_799c0912fe95f157e53ff7ae5d9b2cfa,95,94,0,0.0000
http://www.nfb.ca/film/exile_a_myth_unearthed/trailer/exile_trailer,08e8e4ad69fafb0a8439b14c66e7ca06,99.237.239.150,"2012-11-27 15:24:18",AnonymousUser,2,http://www.nfb.ca/film/exile_a_myth_unearthed/trailer/exile_trailer_99.237.239.150_08e8e4ad69fafb0a8439b14c66e7ca06,99,99,0,0.0000
http://www.nfb.ca/film/and_music/trailer/and_music_trailer,bd0ad9dc64d5d1f4a28b8b1eab6f5fee,99.255.82.228,"2012-11-26 13:52:18",AnonymousUser,2,http://www.nfb.ca/film/and_music/trailer/and_music_trailer_99.255.82.228_bd0ad9dc64d5d1f4a28b8b1eab6f5fee,101,101,0,0.0000
http://www.onf.ca/film/au_bout_de_mon_age/,6eb3824550a777261753df5b90810198,174.93.192.103,"2012-11-25 19:42:00",AnonymousUser,11,http://www.onf.ca/film/au_bout_de_mon_age/_174.93.192.103_6eb3824550a777261753df5b90810198,105,101,1,0.0099
http://www.nfb.ca/film/chocolate_farmer/trailer/chocolate_farmer_trailer,8c39610998b43a8f3b4c1076817aa2ac,70.55.30.48,"2012-11-26 20:51:43",AnonymousUser,2,http://www.nfb.ca/film/chocolate_farmer/trailer/chocolate_farmer_trailer_70.55.30.48_8c39610998b43a8f3b4c1076817aa2ac,104,104,0,0.0000
http://www.nfb.ca/film/me_and_mosque/,27cb0be39e4afed7490b7479f7c9b28f,136.152.29.182,"2012-11-26 21:13:39",AnonymousUser,21,http://www.nfb.ca/film/me_and_mosque/_136.152.29.182_27cb0be39e4afed7490b7479f7c9b28f,111,109,0,0.0000
http://www.onf.ca/film/bottes_sauvages/,8e68ba42027beec30a091e91b11f08e6,24.226.160.253,"2012-11-24 05:07:27",AnonymousUser,11,http://www.onf.ca/film/bottes_sauvages/_24.226.160.253_8e68ba42027beec30a091e91b11f08e6,112,109,1,0.0092
http://www.nfb.ca/film/challenger_an_industrial_romance/,d7f0e3272c14214d0c23715690921838,216.113.24.1,"2012-11-28 06:40:41",AnonymousUser,21,http://www.nfb.ca/film/challenger_an_industrial_romance/_216.113.24.1_d7f0e3272c14214d0c23715690921838,116,113,1,0.0088
http://www.nfb.ca/film/surviving-progress/trailer/surviving_progress_trailer,c0f5694a45f4af6ee3a2053f0388d8c9,108.174.16.246,"2012-11-26 21:38:56",AnonymousUser,2,http://www.nfb.ca/film/surviving-progress/trailer/surviving_progress_trailer_108.174.16.246_c0f5694a45f4af6ee3a2053f0388d8c9,115,115,0,0.0000
http://www.nfb.ca/film/whos_counting/,4212dfe31b44837ba37dfe936b2d1e78,64.229.247.156,"2012-11-25 10:54:09",AnonymousUser,2,http://www.nfb.ca/film/whos_counting/_64.229.247.156_4212dfe31b44837ba37dfe936b2d1e78,122,119,1,0.0084
http://www.onf.ca/film/ma_grand-mere_repassait_les_chemises_du_roi/,9ca6303cc064315f649dd1c9b60864cd,177.32.39.71,"2012-11-27 07:06:04",AnonymousUser,11,http://www.onf.ca/film/ma_grand-mere_repassait_les_chemises_du_roi/_177.32.39.71_9ca6303cc064315f649dd1c9b60864cd,127,124,1,0.0081
http://www.onf.ca/film/peuple_invisible/trailer/peuple-invisible-bande-annonce,9186149fa1ed95c38c445a4874b4f340,50.21.133.53,"2012-11-28 22:06:17",AnonymousUser,11,http://www.onf.ca/film/peuple_invisible/trailer/peuple-invisible-bande-annonce_50.21.133.53_9186149fa1ed95c38c445a4874b4f340,126,126,0,0.0000
http://www.nfb.ca/film/55_socks/trailer/55_socks_trailer,8c1f258384311d5a74d8f0f7eb4d14ca,92.30.105.85,"2012-11-24 18:10:22",AnonymousUser,2,http://www.nfb.ca/film/55_socks/trailer/55_socks_trailer_92.30.105.85_8c1f258384311d5a74d8f0f7eb4d14ca,130,130,0,0.0000
http://www.onf.ca/film/affaire_coca-cola/trailer/affaire-coca-cola-l-trailer-17855,f75ea470b6684beabe440dc52ef76b5e,74.56.106.227,"2012-11-23 19:22:58",AnonymousUser,11,http://www.onf.ca/film/affaire_coca-cola/trailer/affaire-coca-cola-l-trailer-17855_74.56.106.227_f75ea470b6684beabe440dc52ef76b5e,132,132,0,0.0000
http://www.nfb.ca/film/me_and_mosque/,27cb0be39e4afed7490b7479f7c9b28f,136.152.26.193,"2012-11-26 19:12:43",AnonymousUser,21,http://www.nfb.ca/film/me_and_mosque/_136.152.26.193_27cb0be39e4afed7490b7479f7c9b28f,134,133,1,0.0075
http://www.nfb.ca/film/bacon_le_film/,b3b1e66b8fb033ac405ba9bf6a9851e8,206.41.90.243,"2012-11-27 09:23:25",AnonymousUser,2,http://www.nfb.ca/film/bacon_le_film/_206.41.90.243_b3b1e66b8fb033ac405ba9bf6a9851e8,141,140,1,0.0071
http://www.nfb.ca/film/final_offer/,84b717e2b76031b53e551719cc33f991,140.247.161.97,"2012-11-28 00:03:22",AnonymousUser,2,http://www.nfb.ca/film/final_offer/_140.247.161.97_84b717e2b76031b53e551719cc33f991,144,144,0,0.0000
http://www.nfb.ca/film/alfred_desrochers_poete/,7170b1c9b4aac874e757190204de3088,70.30.212.174,"2012-11-23 19:56:59",AnonymousUser,2,http://www.nfb.ca/film/alfred_desrochers_poete/_70.30.212.174_7170b1c9b4aac874e757190204de3088,147,145,1,0.0069
http://www.nfb.ca/film/exile_a_myth_unearthed/trailer/exile_trailer,980bb9fd2288016f88174bb42d76dd33,99.233.157.190,"2012-11-28 21:43:28",AnonymousUser,2,http://www.nfb.ca/film/exile_a_myth_unearthed/trailer/exile_trailer_99.233.157.190_980bb9fd2288016f88174bb42d76dd33,147,147,0,0.0000
http://www.nfb.ca/film/stravinsky/,d660ede1df3f356a2efbece60f51d5a9,207.216.140.44,"2012-11-25 00:01:01",AnonymousUser,2,http://www.nfb.ca/film/stravinsky/_207.216.140.44_d660ede1df3f356a2efbece60f51d5a9,156,156,0,0.0000
http://www.onf.ca/film/oncle_bob_a_lhopital/,cfa1cd5c37edcc378603fed10ede5ba4,205.237.72.37,"2012-11-23 12:39:26",AnonymousUser,11,http://www.onf.ca/film/oncle_bob_a_lhopital/_205.237.72.37_cfa1cd5c37edcc378603fed10ede5ba4,166,160,2,0.0125
http://www.onf.ca/film/une-derniere-chance/trailer/une_derniere_chance_bande_annonce,013aeacdad14c2a1ff42208d4871cc09,142.100.231.11,"2012-11-28 08:38:46",AnonymousUser,11,http://www.onf.ca/film/une-derniere-chance/trailer/une_derniere_chance_bande_annonce_142.100.231.11_013aeacdad14c2a1ff42208d4871cc09,193,191,1,0.0052
http://www.nfb.ca/film/oumar_9-1-1/,d909c6b6f21d71d669f565d665a48c41,132.204.239.254,"2012-11-26 14:05:41",anouckalary,2,http://www.nfb.ca/film/oumar_9-1-1/_132.204.239.254_d909c6b6f21d71d669f565d665a48c41,202,198,1,0.0051
http://www.nfb.ca/film/alfred_desrochers_poete/,7170b1c9b4aac874e757190204de3088,70.30.212.174,"2012-11-27 15:59:17",AnonymousUser,2,http://www.nfb.ca/film/alfred_desrochers_poete/_70.30.212.174_7170b1c9b4aac874e757190204de3088,212,209,0,0.0000
http://www.onf.ca/film/une-derniere-chance/trailer/une_derniere_chance_bande_annonce,712d13ad980bfbda19aa9b83b40138dd,70.82.201.208,"2012-11-26 16:51:57",AnonymousUser,11,http://www.onf.ca/film/une-derniere-chance/trailer/une_derniere_chance_bande_annonce_70.82.201.208_712d13ad980bfbda19aa9b83b40138dd,241,241,0,0.0000
http://www.onf.ca/film/une-derniere-chance/trailer/une_derniere_chance_bande_annonce,6a05b9e078c750f01faf259139b7412e,184.160.195.14,"2012-11-23 05:22:18",AnonymousUser,11,http://www.onf.ca/film/une-derniere-chance/trailer/une_derniere_chance_bande_annonce_184.160.195.14_6a05b9e078c750f01faf259139b7412e,246,246,0,0.0000
http://www.nfb.ca/film/act_of_dishonour/trailer/act_of_dishonour_trailer,287a77a1332df5f98c42a25af6c7b5d1,24.207.106.227,"2012-11-28 12:13:20",AnonymousUser,2,http://www.nfb.ca/film/act_of_dishonour/trailer/act_of_dishonour_trailer_24.207.106.227_287a77a1332df5f98c42a25af6c7b5d1,247,247,0,0.0000
http://www.onf.ca/film/une-derniere-chance/trailer/une_derniere_chance_bande_annonce,e19664784f5d707928e19ad2c25fb1da,184.160.197.20,"2012-11-23 22:29:50",AnonymousUser,11,http://www.onf.ca/film/une-derniere-chance/trailer/une_derniere_chance_bande_annonce_184.160.197.20_e19664784f5d707928e19ad2c25fb1da,251,251,0,0.0000
http://www.onf.ca/film/courtepointe_fr/,07a223715a5aa294a5c8850439c2f0b4,82.122.231.105,"2012-11-23 03:05:03",AnonymousUser,11,http://www.onf.ca/film/courtepointe_fr/_82.122.231.105_07a223715a5aa294a5c8850439c2f0b4,253,253,0,0.0000
http://www.nfb.ca/film/portrait/trailer/portrait_trailer,31747c373addd07b8c62cb1b7fba6443,174.119.12.149,"2012-11-28 16:14:18",AnonymousUser,2,http://www.nfb.ca/film/portrait/trailer/portrait_trailer_174.119.12.149_31747c373addd07b8c62cb1b7fba6443,323,323,0,0.0000
http://www.nfb.ca/film/van_doos_in_afghanistan_press/trailer/van_doos_in_afghanistan_dto,ba033d53031e6199749e6a7be14df934,99.229.165.135,"2012-11-27 13:05:55",AnonymousUser,2,http://www.nfb.ca/film/van_doos_in_afghanistan_press/trailer/van_doos_in_afghanistan_dto_99.229.165.135_ba033d53031e6199749e6a7be14df934,342,342,0,0.0000
http://www.nfb.ca/film/outbreak_anatomy_of_a_plague/trailer/outbreak_trailer,9c3c4959a6190d68ba73d03f47c1f6e1,216.123.242.130,"2012-11-24 08:28:18",AnonymousUser,2,http://www.nfb.ca/film/outbreak_anatomy_of_a_plague/trailer/outbreak_trailer_216.123.242.130_9c3c4959a6190d68ba73d03f47c1f6e1,362,362,0,0.0000
http://www.nfb.ca/film/last-chance/trailer/last_chance_trailer,4641e21e6acfd82787d7526c7d659a9a,68.232.66.218,"2012-11-27 22:02:57",AnonymousUser,2,http://www.nfb.ca/film/last-chance/trailer/last_chance_trailer_68.232.66.218_4641e21e6acfd82787d7526c7d659a9a,415,415,0,0.0000
http://www.nfb.ca/film/up_the_yangtze/trailer/up-the-yangtze-trailer,1fabeb949794499ae7a838984af9cfed,69.165.215.133,"2012-11-25 07:00:57",AnonymousUser,2,http://www.nfb.ca/film/up_the_yangtze/trailer/up-the-yangtze-trailer_69.165.215.133_1fabeb949794499ae7a838984af9cfed,442,442,0,0.0000
http://www.nfb.ca/film/eloge_du_chiac_part_2/trailer/eloge_du_chiac_part_bande_annonce,5e2cad8f82fca5ed51d2ad7e86c38eb3,142.134.75.32,"2012-11-23 23:01:43",AnonymousUser,2,http://www.nfb.ca/film/eloge_du_chiac_part_2/trailer/eloge_du_chiac_part_bande_annonce_142.134.75.32_5e2cad8f82fca5ed51d2ad7e86c38eb3,445,445,0,0.0000
http://www.nfb.ca/film/stravinsky/,d660ede1df3f356a2efbece60f51d5a9,207.216.140.44,"2012-11-24 18:59:27",AnonymousUser,2,http://www.nfb.ca/film/stravinsky/_207.216.140.44_d660ede1df3f356a2efbece60f51d5a9,466,464,1,0.0022
http://www.onf.ca/film/recit_dune_mediation/,d3194fda19d01ca9a507a119b099656d,74.58.189.86,"2012-11-24 14:14:22",AnonymousUser,11,http://www.onf.ca/film/recit_dune_mediation/_74.58.189.86_d3194fda19d01ca9a507a119b099656d,486,483,1,0.0021
http://www.nfb.ca/film/exile_a_myth_unearthed/trailer/exile_trailer,71526d458f574b5f1b83f9345e19851d,74.64.62.10,"2012-11-28 17:52:18",AnonymousUser,2,http://www.nfb.ca/film/exile_a_myth_unearthed/trailer/exile_trailer_74.64.62.10_71526d458f574b5f1b83f9345e19851d,493,493,0,0.0000
http://www.nfb.ca/film/bevel-up-drugs-users-and-outreach-n-stub-536186/trailer/bevel_up_trailer,055bf13eee519defe0fa8b7c8bef26fb,199.84.62.189,"2012-11-23 19:18:53",AnonymousUser,2,http://www.nfb.ca/film/bevel-up-drugs-users-and-outreach-n-stub-536186/trailer/bevel_up_trailer_199.84.62.189_055bf13eee519defe0fa8b7c8bef26fb,515,515,0,0.0000
http://www.nfb.ca/film/heaven-on-earth-stub-543284/trailer/heaven_on_earth_trailer,559bdfef7ba75f477d9682b99bea71b1,69.165.193.18,"2012-11-28 00:11:42",AnonymousUser,2,http://www.nfb.ca/film/heaven-on-earth-stub-543284/trailer/heaven_on_earth_trailer_69.165.193.18_559bdfef7ba75f477d9682b99bea71b1,598,598,0,0.0000
http://www.nfb.ca/film/portrait/trailer/portrait_trailer,9971ef45d0971fa6627f8cd2a7b86e56,184.144.107.85,"2012-11-26 13:59:58",AnonymousUser,2,http://www.nfb.ca/film/portrait/trailer/portrait_trailer_184.144.107.85_9971ef45d0971fa6627f8cd2a7b86e56,644,644,0,0.0000
http://www.onf.ca/film/peuple_invisible/trailer/peuple-invisible-bande-annonce,ac79c1e871e6135dc6834893f755204d,67.223.148.86,"2012-11-28 16:37:27",AnonymousUser,11,http://www.onf.ca/film/peuple_invisible/trailer/peuple-invisible-bande-annonce_67.223.148.86_ac79c1e871e6135dc6834893f755204d,782,782,0,0.0000
http://www.onf.ca/film/une-derniere-chance/trailer/une_derniere_chance_bande_annonce,10134022e905b4634207b3e82da66988,173.178.38.66,"2012-11-24 17:23:03",AnonymousUser,11,http://www.onf.ca/film/une-derniere-chance/trailer/une_derniere_chance_bande_annonce_173.178.38.66_10134022e905b4634207b3e82da66988,782,782,0,0.0000
http://www.nfb.ca/film/last-chance/trailer/last_chance_trailer,898f82125891a9543bdb8c2e8c98faca,173.176.94.139,"2012-11-23 19:56:39",AnonymousUser,2,http://www.nfb.ca/film/last-chance/trailer/last_chance_trailer_173.176.94.139_898f82125891a9543bdb8c2e8c98faca,962,962,0,0.0000
http://www.nfb.ca/film/portrait/trailer/portrait_trailer,1c5054b9569ca3a229b0a1d9c6e3dbd5,184.144.107.85,"2012-11-26 14:02:07",AnonymousUser,2,http://www.nfb.ca/film/portrait/trailer/portrait_trailer_184.144.107.85_1c5054b9569ca3a229b0a1d9c6e3dbd5,994,991,1,0.0010
http://www.onf.ca/film/peuple_invisible/trailer/peuple-invisible-bande-annonce,095591a5bcc93f777fe14d13db2648ea,96.22.26.177,"2012-11-28 18:31:11",AnonymousUser,11,http://www.onf.ca/film/peuple_invisible/trailer/peuple-invisible-bande-annonce_96.22.26.177_095591a5bcc93f777fe14d13db2648ea,1093,1093,0,0.0000
http://www.onf.ca/film/une-derniere-chance/trailer/une_derniere_chance_bande_annonce,ad179322e94ccf1ae87956c0234a4f87,184.162.65.109,"2012-11-27 09:07:59",AnonymousUser,11,http://www.onf.ca/film/une-derniere-chance/trailer/une_derniere_chance_bande_annonce_184.162.65.109_ad179322e94ccf1ae87956c0234a4f87,1106,1106,0,0.0000
http://www.nfb.ca/film/last-chance/trailer/last_chance_trailer,ca2c8587b9270e92026b6544b49f82e4,71.160.101.165,"2012-11-26 21:23:17",AnonymousUser,2,http://www.nfb.ca/film/last-chance/trailer/last_chance_trailer_71.160.101.165_ca2c8587b9270e92026b6544b49f82e4,1449,1446,1,0.0007
http://www.nfb.ca/film/we_were_children/trailer/we_were_children_trailer,941b828f9aa88bac90f9be9481119295,24.91.78.4,"2012-11-25 17:21:24",AnonymousUser,2,http://www.nfb.ca/film/we_were_children/trailer/we_were_children_trailer_24.91.78.4_941b828f9aa88bac90f9be9481119295,8878,8878,0,0.0000
http://www.nfb.ca/film/we_were_children/trailer/we_were_children_trailer,941b828f9aa88bac90f9be9481119295,24.91.78.4,"2012-11-26 06:50:31",AnonymousUser,2,http://www.nfb.ca/film/we_were_children/trailer/we_were_children_trailer_24.91.78.4_941b828f9aa88bac90f9be9481119295,14873,14873,0,0.0000
